Workbook

Sheet data
C1: 0 | D1: 1 | E1: 2 | F1: 3 | G1: 4 | H1: 5 | I1: 6 | J1: 7 | K1: 8 | L1: 9 | M1: 10 | N1: 11 | O1: 12 | P1: 13 | Q1: 14 | R1: 15
B3: 0 | C3: 1 | D3: 2 | E3: 3 | F3: 4 | G3: 5 | H3: 6 | I3: 7 | J3: 8 | K3: 9 | L3: 10 | M3: 11 | N3: 12 | O3: 13 | P3: 14 | Q3: 15 | R3: 16 | S3: 17 | T3: 18 | U3: 19 | V3: 20 | W3: 21 | X3: 22 | Y3: 23 | Z3: 24 | AA3: 25 | AB3: 26 | AC3: 27 | AD3: 28 | AE3: 29 | AF3: 30 | AG3: 31 | AH3: 32 | AI3: 33 | AJ3: 34 | AK3: 35 | AL3: 36 | AM3: 37 | AN3: 38 | AO3: 39
A4: 0 | B4: 4 | C4: 5 | D4: 5 | E4: 5 | F4: 5 | G4: 5 | H4: 5 | I4: 5 | J4: 5 | K4: 5 | L4: 5 | M4: 5 | N4: 5 | O4: 5 | P4: 5 | Q4: 5 | R4: 5 | S4: 5 | T4: 5 | U4: 5 | V4: 5 | W4: 5 | X4: 5 | Y4: 5 | Z4: 5 | AA4: 5 | AB4: 5 | AC4: 5 | AD4: 5 | AE4: 5 | AF4: 5 | AG4: 5 | AH4: 5 | AI4: 5 | AJ4: 5 | AK4: 5 | AL4: 5 | AM4: 5 | AN4: 5 | AO4: 6
A5: 1 | B5: 7 | C5: 15 | D5: 15 | E5: 15 | F5: 15 | G5: 15 | H5: 15 | I5: 15 | J5: 15 | K5: 15 | L5: 15 | M5: 15 | N5: 15 | O5: 15 | P5: 15 | Q5: 15 | R5: 15 | S5: 15 | T5: 15 | U5: 15 | V5: 15 | W5: 15 | X5: 15 | Y5: 15 | Z5: 15 | AA5: 15 | AB5: 15 | AC5: 15 | AD5: 15 | AE5: 15 | AF5: 15 | AG5: 15 | AH5: 15 | AI5: 15 | AJ5: 15 | AK5: 15 | AL5: 15 | AM5: 15 | AN5: 15 | AO5: 8
A6: 2 | B6: 7 | C6: 15 | D6: 15 | E6: 15 | F6: 15 | G6: 15 | H6: 15 | I6: 15 | J6: 15 | K6: 15 | L6: 15 | M6: 15 | N6: 15 | O6: 15 | P6: 15 | Q6: 15 | R6: 15 | S6: 15 | T6: 15 | U6: 15 | V6: 15 | W6: 15 | X6: 15 | Y6: 15 | Z6: 15 | AA6: 15 | AB6: 15 | AC6: 15 | AD6: 15 | AE6: 15 | AF6: 15 | AG6: 15 | AH6: 15 | AI6: 15 | AJ6: 15 | AK6: 15 | AL6: 15 | AM6: 15 | AN6: 15 | AO6: 8
A7: 3 | B7: 7 | C7: 15 | D7: 15 | E7: 15 | F7: 15 | G7: 15 | H7: 15 | I7: 15 | J7: 15 | K7: 15 | L7: 15 | M7: 15 | N7: 15 | O7: 15 | P7: 15 | Q7: 15 | R7: 15 | S7: 15 | T7: 15 | U7: 15 | V7: 15 | W7: 15 | X7: 15 | Y7: 15 | Z7: 15 | AA7: 15 | AB7: 15 | AC7: 15 | AD7: 15 | AE7: 15 | AF7: 15 | AG7: 15 | AH7: 15 | AI7: 15 | AJ7: 15 | AK7: 15 | AL7: 15 | AM7: 15 | AN7: 15 | AO7: 8
A8: 4 | B8: 7 | C8: 15 | D8: 15 | E8: 15 | F8: 15 | G8: 15 | H8: 15 | I8: 15 | J8: 15 | K8: 15 | L8: 15 | M8: 15 | N8: 12 | O8: 13 | P8: 13 | Q8: 14 | R8: 15 | S8: 15 | T8: 15 | U8: 15 | V8: 15 | W8: 15 | X8: 15 | Y8: 15 | Z8: 15 | AA8: 15 | AB8: 15 | AC8: 15 | AD8: 15 | AE8: 15 | AF8: 15 | AG8: 15 | AH8: 15 | AI8: 15 | AJ8: 15 | AK8: 15 | AL8: 15 | AM8: 15 | AN8: 15 | AO8: 8
A9: 5 | B9: 7 | C9: 15 | D9: 15 | E9: 15 | F9: 15 | G9: 15 | H9: 15 | I9: 15 | J9: 15 | K9: 15 | L9: 15 | M9: 15 | N9: 15 | O9: 15 | P9: 15 | Q9: 15 | R9: 15 | S9: 15 | T9: 15 | U9: 15 | V9: 15 | W9: 15 | X9: 15 | Y9: 15 | Z9: 15 | AA9: 15 | AB9: 15 | AC9: 15 | AD9: 15 | AE9: 15 | AF9: 15 | AG9: 15 | AH9: 15 | AI9: 15 | AJ9: 15 | AK9: 15 | AL9: 15 | AM9: 15 | AN9: 15 | AO9: 8
A10: 6 | B10: 7 | C10: 15 | D10: 15 | E10: 15 | F10: 15 | G10: 15 | H10: 15 | I10: 15 | J10: 15 | K10: 15 | L10: 15 | M10: 15 | N10: 15 | O10: 15 | P10: 15 | Q10: 15 | R10: 15 | S10: 15 | T10: 15 | U10: 15 | V10: 15 | W10: 15 | X10: 15 | Y10: 15 | Z10: 15 | AA10: 15 | AB10: 15 | AC10: 15 | AD10: 15 | AE10: 15 | AF10: 15 | AG10: 15 | AH10: 15 | AI10: 15 | AJ10: 15 | AK10: 15 | AL10: 15 | AM10: 15 | AN10: 15 | AO10: 8
A11: 7 | B11: 7 | C11: 15 | D11: 15 | E11: 15 | F11: 15 | G11: 15 | H11: 15 | I11: 15 | J11: 15 | K11: 15 | L11: 15 | M11: 15 | N11: 15 | O11: 15 | P11: 15 | Q11: 15 | R11: 15 | S11: 15 | T11: 15 | U11: 15 | V11: 15 | W11: 15 | X11: 15 | Y11: 15 | Z11: 15 | AA11: 15 | AB11: 15 | AC11: 15 | AD11: 15 | AE11: 15 | AF11: 15 | AG11: 15 | AH11: 15 | AI11: 15 | AJ11: 15 | AK11: 15 | AL11: 15 | AM11: 15 | AN11: 15 | AO11: 8
A12: 8 | B12: 7 | C12: 15 | D12: 15 | E12: 15 | F12: 15 | G12: 15 | H12: 15 | I12: 15 | J12: 15 | K12: 15 | L12: 15 | M12: 15 | N12: 15 | O12: 15 | P12: 15 | Q12: 15 | R12: 15 | S12: 15 | T12: 15 | U12: 15 | V12: 15 | W12: 15 | X12: 15 | Y12: 15 | Z12: 15 | AA12: 15 | AB12: 15 | AC12: 15 | AD12: 15 | AE12: 15 | AF12: 15 | AG12: 15 | AH12: 15 | AI12: 15 | AJ12: 15 | AK12: 15 | AL12: 15 | AM12: 15 | AN12: 15 | AO12: 8
A13: 9 | B13: 7 | C13: 15 | D13: 15 | E13: 15 | F13: 15 | G13: 15 | H13: 15 | I13: 15 | J13: 15 | K13: 15 | L13: 15 | M13: 15 | N13: 15 | O13: 15 | P13: 15 | Q13: 15 | R13: 15 | S13: 15 | T13: 15 | U13: 15 | V13: 15 | W13: 15 | X13: 15 | Y13: 15 | Z13: 15 | AA13: 15 | AB13: 15 | AC13: 15 | AD13: 15 | AE13: 15 | AF13: 15 | AG13: 15 | AH13: 15 | AI13: 15 | AJ13: 15 | AK13: 15 | AL13: 15 | AM13: 15 | AN13: 15 | AO13: 8
A14: 10 | B14: 7 | C14: 15 | D14: 15 | E14: 15 | F14: 15 | G14: 15 | H14: 15 | I14: 15 | J14: 15 | K14: 15 | L14: 15 | M14: 15 | N14: 15 | O14: 15 | P14: 15 | Q14: 15 | R14: 15 | S14: 15 | T14: 15 | U14: 15 | V14: 15 | W14: 15 | X14: 15 | Y14: 15 | Z14: 15 | AA14: 15 | AB14: 15 | AC14: 15 | AD14: 15 | AE14: 15 | AF14: 15 | AG14: 15 | AH14: 15 | AI14: 15 | AJ14: 15 | AK14: 15 | AL14: 15 | AM14: 15 | AN14: 15 | AO14: 8
A15: 11 | B15: 7 | C15: 15 | D15: 15 | E15: 15 | F15: 15 | G15: 15 | H15: 15 | I15: 15 | J15: 15 | K15: 15 | L15: 15 | M15: 15 | N15: 15 | O15: 15 | P15: 15 | Q15: 15 | R15: 15 | S15: 15 | T15: 15 | U15: 15 | V15: 15 | W15: 15 | X15: 15 | Y15: 15 | Z15: 15 | AA15: 15 | AB15: 15 | AC15: 15 | AD15: 15 | AE15: 15 | AF15: 15 | AG15: 15 | AH15: 15 | AI15: 15 | AJ15: 15 | AK15: 15 | AL15: 15 | AM15: 15 | AN15: 15 | AO15: 8
... A18: 14 | B18: 9 | C18: 10 | D18: 10 | E18: 10 | F18: 10 | G18: 10 | H18: 10 | I18: 10 | J18: 10 | K18: 10 | L18: 10 | M18: 10 | N18: 10 | O18: 10 | P18: 10 | Q18: 10 | R18: 10 | S18: 10 | T18: 10 | U18: 10 | V18: 10 | W18: 10 | X18: 10 | Y18: 10 | Z18: 10 | AA18: 10 | AB18: 10 | AC18: 10 | AD18: 10 | AE18: 10 | AF18: 10 | AG18: 10 | AH18: 10 | AI18: 10 | AJ18: 10 | AK18: 10 | AL18: 10 | AM18: 10 | AN18: 10 | AO18: 11

Sheet output
A1: =data!B4 -> 4 | B1: =data!C4 -> 5 | C1: =data!D4 -> 5 | D1: =data!E4 -> 5 | E1: =data!F4 -> 5 | F1: =data!G4 -> 5 | G1: =data!H4 -> 5 | H1: =data!I4 -> 5 | ... AN1: =data!AO4 -> 6
A2: =data!B5 -> 7 | B2: =data!C5 -> 15 | C2: =data!D5 -> 15 | D2: =data!E5 -> 15 | E2: =data!F5 -> 15 | F2: =data!G5 -> 15 | G2: =data!H5 -> 15 | H2: =data!I5 -> 15 | ... AN2: =data!AO5 -> 8
A3: =data!B6 -> 7 | B3: =data!C6 -> 15 | C3: =data!D6 -> 15 | D3: =data!E6 -> 15 | E3: =data!F6 -> 15 | F3: =data!G6 -> 15 | G3: =data!H6 -> 15 | H3: =data!I6 -> 15 | ... AN3: =data!AO6 -> 8
A4: =data!B7 -> 7 | B4: =data!C7 -> 15 | C4: =data!D7 -> 15 | D4: =data!E7 -> 15 | E4: =data!F7 -> 15 | F4: =data!G7 -> 15 | G4: =data!H7 -> 15 | H4: =data!I7 -> 15 | ... AN4: =data!AO7 -> 8
A5: =data!B8 -> 7 | B5: =data!C8 -> 15 | C5: =data!D8 -> 15 | D5: =data!E8 -> 15 | E5: =data!F8 -> 15 | F5: =data!G8 -> 15 | G5: =data!H8 -> 15 | H5: =data!I8 -> 15 | ... AN5: =data!AO8 -> 8
A6: =data!B9 -> 7 | B6: =data!C9 -> 15 | C6: =data!D9 -> 15 | D6: =data!E9 -> 15 | E6: =data!F9 -> 15 | F6: =data!G9 -> 15 | G6: =data!H9 -> 15 | H6: =data!I9 -> 15 | ... AN6: =data!AO9 -> 8
A7: =data!B10 -> 7 | B7: =data!C10 -> 15 | C7: =data!D10 -> 15 | D7: =data!E10 -> 15 | E7: =data!F10 -> 15 | F7: =data!G10 -> 15 | G7: =data!H10 -> 15 | H7: =data!I10 -> 15 | ... AN7: =data!AO10 -> 8
A8: =data!B11 -> 7 | B8: =data!C11 -> 15 | C8: =data!D11 -> 15 | D8: =data!E11 -> 15 | E8: =data!F11 -> 15 | F8: =data!G11 -> 15 | G8: =data!H11 -> 15 | H8: =data!I11 -> 15 | ... AN8: =data!AO11 -> 8
A9: =data!B12 -> 7 | B9: =data!C12 -> 15 | C9: =data!D12 -> 15 | D9: =data!E12 -> 15 | E9: =data!F12 -> 15 | F9: =data!G12 -> 15 | G9: =data!H12 -> 15 | H9: =data!I12 -> 15 | ... AN9: =data!AO12 -> 8
A10: =data!B13 -> 7 | B10: =data!C13 -> 15 | C10: =data!D13 -> 15 | D10: =data!E13 -> 15 | E10: =data!F13 -> 15 | F10: =data!G13 -> 15 | G10: =data!H13 -> 15 | H10: =data!I13 -> 15 | ... AN10: =data!AO13 -> 8
A11: =data!B14 -> 7 | B11: =data!C14 -> 15 | C11: =data!D14 -> 15 | D11: =data!E14 -> 15 | E11: =data!F14 -> 15 | F11: =data!G14 -> 15 | G11: =data!H14 -> 15 | H11: =data!I14 -> 15 | ... AN11: =data!AO14 -> 8
A12: =data!B15 -> 7 | B12: =data!C15 -> 15 | C12: =data!D15 -> 15 | D12: =data!E15 -> 15 | E12: =data!F15 -> 15 | F12: =data!G15 -> 15 | G12: =data!H15 -> 15 | H12: =data!I15 -> 15 | ... AN12: =data!AO15 -> 8
... A15: =data!B18 -> 9 | B15: =data!C18 -> 10 | C15: =data!D18 -> 10 | D15: =data!E18 -> 10 | E15: =data!F18 -> 10 | F15: =data!G18 -> 10 | G15: =data!H18 -> 10 | H15: =data!I18 -> 10 | ... AN15: =data!AO18 -> 11
