Workbook

Sheet data
C1: 0 | D1: 1 | E1: 2 | F1: 3 | G1: 4 | H1: 5 | I1: 6 | J1: 7 | K1: 8 | L1: 9 | M1: 10 | N1: 11 | O1: 12 | P1: 13 | Q1: 14 | R1: 15
B3: 0 | C3: 1 | D3: 2 | E3: 3 | F3: 4 | G3: 5 | H3: 6 | I3: 7 | J3: 8 | K3: 9 | L3: 10 | M3: 11 | N3: 12 | O3: 13 | P3: 14 | Q3: 15 | R3: 16 | S3: 17 | T3: 18 | U3: 19 | V3: 20 | W3: 21 | X3: 22 | Y3: 23 | Z3: 24 | AA3: 25 | AB3: 26 | AC3: 27 | AD3: 28 | AE3: 29 | AF3: 30 | AG3: 31 | AH3: 32 | AI3: 33 | AJ3: 34 | AK3: 35 | AL3: 36 | AM3: 37 | AN3: 38 | AO3: 39 | AP3: 40 | AQ3: 41 | AR3: 42 | AS3: 43 | AT3: 44 | AU3: 45 | AV3: 46 | AW3: 47 | AX3: 48 | AY3: 49 | AZ3: 50 | BA3: 51 | BB3: 52 | BC3: 53 | BD3: 54 | BE3: 55 | BF3: 56 | BG3: 57 | BH3: 58 | BI3: 59 | BJ3: 60 | BK3: 61 | BL3: 62 | BM3: 63 | BN3: 64 | BO3: 65 | BP3: 66 | BQ3: 67 | BR3: 68 | BS3: 69 | BT3: 70 | BU3: 71 | BV3: 72 | BW3: 73 | BX3: 74 | BY3: 75 | BZ3: 76 | CA3: 77 | CB3: 78 | CC3: 79 | CD3: 80 | CE3: 81 | CF3: 82 | CG3: 83 | CH3: 84 | CI3: 85 | CJ3: 86 | CK3: 87 | CL3: 88 | CM3: 89 | CN3: 90 | CO3: 91 | CP3: 92 | CQ3: 93 | CR3: 94 | CS3: 95 | CT3: 96 | CU3: 97 | CV3: 98 | CW3: 99 | CX3: 100 | CY3: 101
A4: 0 | B4: 4 | C4: 5 | D4: 5 | E4: 5 | F4: 5 | G4: 5 | H4: 5 | I4: 5 | J4: 5 | K4: 5 | L4: 5 | M4: 5 | N4: 5 | O4: 5 | P4: 5 | Q4: 5 | R4: 5 | S4: 5 | T4: 5 | U4: 5 | V4: 5 | W4: 5 | X4: 5 | Y4: 5 | Z4: 5 | AA4: 5 | AB4: 5 | AC4: 5 | AD4: 5 | AE4: 5 | AF4: 5 | AG4: 5 | AH4: 5 | AI4: 5 | AJ4: 5 | AK4: 5 | AL4: 5 | AM4: 5 | AN4: 5 | AO4: 5 | AP4: 5 | AQ4: 5 | AR4: 5 | AS4: 5 | AT4: 5 | AU4: 5 | AV4: 5 | AW4: 5 | AX4: 5 | AY4: 5 | AZ4: 5 | BA4: 5 | BB4: 5 | BC4: 5 | BD4: 5 | BE4: 5 | BF4: 5 | BG4: 5 | BH4: 5 | BI4: 5 | BJ4: 5 | BK4: 5 | BL4: 5 | BM4: 5 | BN4: 5 | BO4: 5 | BP4: 5 | BQ4: 5 | BR4: 5 | BS4: 5 | BT4: 5 | BU4: 5 | BV4: 5 | BW4: 5 | BX4: 5 | BY4: 5 | BZ4: 5 | CA4: 5 | CB4: 5 | CC4: 5 | CD4: 5 | CE4: 5 | CF4: 5 | CG4: 5 | CH4: 5 | CI4: 5 | CJ4: 5 | CK4: 5 | CL4: 5 | CM4: 5 | CN4: 5 | CO4: 5 | CP4: 5 | CQ4: 5 | CR4: 5 | CS4: 5 | CT4: 5 | CU4: 5 | CV4: 5 | CW4: 5 | CX4: 5 | CY4: 6
A5: 1 | B5: 15 | C5: 15 | D5: 15 | E5: 15 | F5: 15 | G5: 15 | H5: 15 | I5: 15 | J5: 15 | K5: 15 | L5: 15 | M5: 15 | N5: 15 | O5: 15 | P5: 15 | Q5: 15 | R5: 15 | S5: 15 | T5: 15 | U5: 15 | V5: 15 | W5: 15 | X5: 15 | Y5: 15 | Z5: 15 | AA5: 15 | AB5: 15 | AC5: 15 | AD5: 15 | AE5: 15 | AF5: 15 | AG5: 15 | AH5: 15 | AI5: 15 | AJ5: 15 | AK5: 15 | AL5: 15 | AM5: 15 | AN5: 15 | AO5: 15 | AP5: 15 | AQ5: 15 | AR5: 15 | AS5: 15 | AT5: 15 | AU5: 15 | AV5: 15 | AW5: 15 | AX5: 15 | AY5: 15 | AZ5: 15 | BA5: 15 | BB5: 15 | BC5: 15 | BD5: 15 | BE5: 15 | BF5: 15 | BG5: 15 | BH5: 15 | BI5: 15 | BJ5: 15 | BK5: 15 | BL5: 15 | BM5: 15 | BN5: 15 | BO5: 15 | BP5: 15 | BQ5: 15 | BR5: 15 | BS5: 15 | BT5: 15 | BU5: 15 | BV5: 15 | BW5: 15 | BX5: 15 | BY5: 15 | BZ5: 15 | CA5: 15 | CB5: 15 | CC5: 15 | CD5: 15 | CE5: 15 | CF5: 15 | CG5: 15 | CH5: 15 | CI5: 15 | CJ5: 15 | CK5: 15 | CL5: 15 | CM5: 15 | CN5: 15 | CO5: 15 | CP5: 15 | CQ5: 15 | CR5: 15 | CS5: 15 | CT5: 15 | CU5: 15 | CV5: 15 | CW5: 15 | CX5: 15 | CY5: 8
A6: 2 | B6: 15 | C6: 15 | D6: 15 | E6: 15 | F6: 15 | G6: 15 | H6: 15 | I6: 15 | J6: 15 | K6: 15 | L6: 15 | M6: 15 | N6: 15 | O6: 15 | P6: 15 | Q6: 15 | R6: 15 | S6: 15 | T6: 15 | U6: 15 | V6: 15 | W6: 15 | X6: 15 | Y6: 15 | Z6: 15 | AA6: 15 | AB6: 15 | AC6: 15 | AD6: 15 | AE6: 15 | AF6: 15 | AG6: 15 | AH6: 15 | AI6: 15 | AJ6: 15 | AK6: 15 | AL6: 15 | AM6: 15 | AN6: 15 | AO6: 15 | AP6: 15 | AQ6: 15 | AR6: 15 | AS6: 15 | AT6: 15 | AU6: 15 | AV6: 15 | AW6: 15 | AX6: 15 | AY6: 15 | AZ6: 15 | BA6: 15 | BB6: 15 | BC6: 15 | BD6: 15 | BE6: 15 | BF6: 15 | BG6: 15 | BH6: 15 | BI6: 15 | BJ6: 15 | BK6: 15 | BL6: 15 | BM6: 15 | BN6: 15 | BO6: 15 | BP6: 15 | BQ6: 15 | BR6: 15 | BS6: 15 | BT6: 15 | BU6: 15 | BV6: 15 | BW6: 15 | BX6: 15 | BY6: 15 | BZ6: 15 | CA6: 15 | CB6: 15 | CC6: 15 | CD6: 15 | CE6: 15 | CF6: 15 | CG6: 15 | CH6: 15 | CI6: 15 | CJ6: 15 | CK6: 15 | CL6: 15 | CM6: 15 | CN6: 15 | CO6: 15 | CP6: 15 | CQ6: 15 | CR6: 15 | CS6: 15 | CT6: 15 | CU6: 15 | CV6: 15 | CW6: 15 | CX6: 15 | CY6: 8
A7: 3 | B7: 15 | C7: 15 | D7: 15 | E7: 15 | F7: 15 | G7: 15 | H7: 15 | I7: 15 | J7: 15 | K7: 15 | L7: 15 | M7: 15 | N7: 15 | O7: 15 | P7: 15 | Q7: 15 | R7: 15 | S7: 15 | T7: 15 | U7: 15 | V7: 15 | W7: 15 | X7: 15 | Y7: 15 | Z7: 15 | AA7: 15 | AB7: 15 | AC7: 15 | AD7: 15 | AE7: 15 | AF7: 15 | AG7: 15 | AH7: 15 | AI7: 15 | AJ7: 15 | AK7: 15 | AL7: 15 | AM7: 15 | AN7: 15 | AO7: 15 | AP7: 15 | AQ7: 15 | AR7: 15 | AS7: 15 | AT7: 15 | AU7: 15 | AV7: 15 | AW7: 15 | AX7: 15 | AY7: 15 | AZ7: 15 | BA7: 15 | BB7: 15 | BC7: 15 | BD7: 15 | BE7: 15 | BF7: 15 | BG7: 15 | BH7: 15 | BI7: 15 | BJ7: 15 | BK7: 15 | BL7: 15 | BM7: 15 | BN7: 15 | BO7: 15 | BP7: 15 | BQ7: 15 | BR7: 15 | BS7: 15 | BT7: 15 | BU7: 15 | BV7: 15 | BW7: 15 | BX7: 15 | BY7: 15 | BZ7: 15 | CA7: 15 | CB7: 15 | CC7: 15 | CD7: 15 | CE7: 15 | CF7: 15 | CG7: 15 | CH7: 15 | CI7: 15 | CJ7: 15 | CK7: 15 | CL7: 15 | CM7: 15 | CN7: 15 | CO7: 15 | CP7: 15 | CQ7: 15 | CR7: 15 | CS7: 15 | CT7: 15 | CU7: 15 | CV7: 15 | CW7: 15 | CX7: 15 | CY7: 8
A8: 4 | B8: 15 | C8: 15 | D8: 15 | E8: 15 | F8: 15 | G8: 15 | H8: 15 | I8: 15 | J8: 15 | K8: 15 | L8: 15 | M8: 15 | N8: 12 | O8: 13 | P8: 13 | Q8: 14 | R8: 15 | S8: 15 | T8: 15 | U8: 15 | V8: 15 | W8: 15 | X8: 15 | Y8: 15 | Z8: 15 | AA8: 15 | AB8: 15 | AC8: 15 | AD8: 15 | AE8: 15 | AF8: 15 | AG8: 15 | AH8: 15 | AI8: 15 | AJ8: 15 | AK8: 15 | AL8: 15 | AM8: 15 | AN8: 15 | AO8: 15 | AP8: 15 | AQ8: 15 | AR8: 15 | AS8: 15 | AT8: 15 | AU8: 15 | AV8: 15 | AW8: 15 | AX8: 15 | AY8: 15 | AZ8: 15 | BA8: 15 | BB8: 15 | BC8: 15 | BD8: 15 | BE8: 15 | BF8: 15 | BG8: 15 | BH8: 15 | BI8: 15 | BJ8: 15 | BK8: 15 | BL8: 15 | BM8: 15 | BN8: 15 | BO8: 15 | BP8: 15 | BQ8: 15 | BR8: 15 | BS8: 15 | BT8: 15 | BU8: 15 | BV8: 15 | BW8: 15 | BX8: 15 | BY8: 15 | BZ8: 15 | CA8: 15 | CB8: 15 | CC8: 15 | CD8: 15 | CE8: 15 | CF8: 15 | CG8: 15 | CH8: 15 | CI8: 15 | CJ8: 15 | CK8: 15 | CL8: 15 | CM8: 15 | CN8: 15 | CO8: 15 | CP8: 15 | CQ8: 15 | CR8: 15 | CS8: 15 | CT8: 15 | CU8: 15 | CV8: 15 | CW8: 15 | CX8: 15 | CY8: 8
A9: 5 | B9: 15 | C9: 15 | D9: 15 | E9: 15 | F9: 15 | G9: 15 | H9: 15 | I9: 15 | J9: 15 | K9: 15 | L9: 15 | M9: 15 | N9: 15 | O9: 15 | P9: 15 | Q9: 15 | R9: 15 | S9: 15 | T9: 15 | U9: 15 | V9: 15 | W9: 15 | X9: 15 | Y9: 15 | Z9: 15 | AA9: 15 | AB9: 15 | AC9: 15 | AD9: 15 | AE9: 15 | AF9: 15 | AG9: 15 | AH9: 15 | AI9: 15 | AJ9: 15 | AK9: 15 | AL9: 15 | AM9: 15 | AN9: 15 | AO9: 15 | AP9: 15 | AQ9: 15 | AR9: 15 | AS9: 15 | AT9: 15 | AU9: 15 | AV9: 15 | AW9: 15 | AX9: 15 | AY9: 15 | AZ9: 15 | BA9: 15 | BB9: 15 | BC9: 15 | BD9: 15 | BE9: 15 | BF9: 15 | BG9: 15 | BH9: 15 | BI9: 15 | BJ9: 15 | BK9: 15 | BL9: 15 | BM9: 15 | BN9: 15 | BO9: 15 | BP9: 15 | BQ9: 15 | BR9: 15 | BS9: 15 | BT9: 15 | BU9: 15 | BV9: 15 | BW9: 15 | BX9: 15 | BY9: 15 | BZ9: 15 | CA9: 15 | CB9: 15 | CC9: 15 | CD9: 15 | CE9: 15 | CF9: 15 | CG9: 15 | CH9: 15 | CI9: 15 | CJ9: 15 | CK9: 15 | CL9: 15 | CM9: 15 | CN9: 15 | CO9: 15 | CP9: 15 | CQ9: 15 | CR9: 15 | CS9: 15 | CT9: 15 | CU9: 15 | CV9: 15 | CW9: 15 | CX9: 15 | CY9: 8
A10: 6 | B10: 15 | C10: 15 | D10: 15 | E10: 15 | F10: 15 | G10: 15 | H10: 15 | I10: 15 | J10: 15 | K10: 15 | L10: 15 | M10: 15 | N10: 15 | O10: 15 | P10: 15 | Q10: 15 | R10: 15 | S10: 15 | T10: 15 | U10: 15 | V10: 15 | W10: 15 | X10: 15 | Y10: 15 | Z10: 15 | AA10: 15 | AB10: 15 | AC10: 15 | AD10: 15 | AE10: 15 | AF10: 15 | AG10: 15 | AH10: 15 | AI10: 15 | AJ10: 15 | AK10: 15 | AL10: 15 | AM10: 15 | AN10: 15 | AO10: 15 | AP10: 15 | AQ10: 15 | AR10: 15 | AS10: 15 | AT10: 15 | AU10: 15 | AV10: 15 | AW10: 15 | AX10: 15 | AY10: 15 | AZ10: 15 | BA10: 15 | BB10: 15 | BC10: 15 | BD10: 15 | BE10: 15 | BF10: 15 | BG10: 15 | BH10: 15 | BI10: 15 | BJ10: 15 | BK10: 15 | BL10: 15 | BM10: 15 | BN10: 15 | BO10: 15 | BP10: 15 | BQ10: 15 | BR10: 15 | BS10: 15 | BT10: 15 | BU10: 15 | BV10: 15 | BW10: 15 | BX10: 15 | BY10: 15 | BZ10: 15 | CA10: 15 | CB10: 15 | CC10: 15 | CD10: 15 | CE10: 15 | CF10: 15 | CG10: 15 | CH10: 15 | CI10: 15 | CJ10: 15 | CK10: 15 | CL10: 15 | CM10: 15 | CN10: 15 | CO10: 15 | CP10: 15 | CQ10: 15 | CR10: 15 | CS10: 15 | CT10: 15 | CU10: 15 | CV10: 15 | CW10: 15 | CX10: 15 | CY10: 8
A11: 7 | B11: 15 | C11: 15 | D11: 15 | E11: 15 | F11: 15 | G11: 15 | H11: 15 | I11: 15 | J11: 15 | K11: 15 | L11: 15 | M11: 15 | N11: 15 | O11: 15 | P11: 15 | Q11: 15 | R11: 15 | S11: 15 | T11: 15 | U11: 15 | V11: 15 | W11: 15 | X11: 15 | Y11: 15 | Z11: 15 | AA11: 15 | AB11: 15 | AC11: 15 | AD11: 15 | AE11: 15 | AF11: 15 | AG11: 15 | AH11: 15 | AI11: 15 | AJ11: 15 | AK11: 15 | AL11: 15 | AM11: 15 | AN11: 15 | AO11: 15 | AP11: 15 | AQ11: 15 | AR11: 15 | AS11: 15 | AT11: 15 | AU11: 15 | AV11: 15 | AW11: 15 | AX11: 15 | AY11: 15 | AZ11: 15 | BA11: 15 | BB11: 15 | BC11: 15 | BD11: 15 | BE11: 15 | BF11: 15 | BG11: 15 | BH11: 15 | BI11: 15 | BJ11: 15 | BK11: 15 | BL11: 15 | BM11: 15 | BN11: 15 | BO11: 15 | BP11: 15 | BQ11: 15 | BR11: 15 | BS11: 15 | BT11: 15 | BU11: 15 | BV11: 15 | BW11: 15 | BX11: 15 | BY11: 15 | BZ11: 15 | CA11: 15 | CB11: 15 | CC11: 15 | CD11: 15 | CE11: 15 | CF11: 15 | CG11: 15 | CH11: 15 | CI11: 15 | CJ11: 15 | CK11: 15 | CL11: 15 | CM11: 15 | CN11: 15 | CO11: 15 | CP11: 15 | CQ11: 15 | CR11: 15 | CS11: 15 | CT11: 15 | CU11: 15 | CV11: 15 | CW11: 15 | CX11: 15 | CY11: 8
A12: 8 | B12: 15 | C12: 15 | D12: 15 | E12: 15 | F12: 15 | G12: 15 | H12: 15 | I12: 15 | J12: 15 | K12: 15 | L12: 15 | M12: 15 | N12: 15 | O12: 15 | P12: 15 | Q12: 15 | R12: 15 | S12: 15 | T12: 15 | U12: 15 | V12: 15 | W12: 15 | X12: 15 | Y12: 15 | Z12: 15 | AA12: 15 | AB12: 15 | AC12: 15 | AD12: 15 | AE12: 15 | AF12: 15 | AG12: 15 | AH12: 15 | AI12: 15 | AJ12: 15 | AK12: 15 | AL12: 15 | AM12: 15 | AN12: 15 | AO12: 15 | AP12: 15 | AQ12: 15 | AR12: 15 | AS12: 15 | AT12: 15 | AU12: 15 | AV12: 15 | AW12: 15 | AX12: 15 | AY12: 15 | AZ12: 15 | BA12: 15 | BB12: 15 | BC12: 15 | BD12: 15 | BE12: 15 | BF12: 15 | BG12: 15 | BH12: 15 | BI12: 15 | BJ12: 15 | BK12: 15 | BL12: 5 | BM12: 5 | BN12: 15 | BO12: 15 | BP12: 15 | BQ12: 15 | BR12: 15 | BS12: 15 | BT12: 15 | BU12: 15 | BV12: 15 | BW12: 15 | BX12: 15 | BY12: 15 | BZ12: 15 | CA12: 15 | CB12: 15 | CC12: 15 | CD12: 15 | CE12: 15 | CF12: 15 | CG12: 15 | CH12: 15 | CI12: 15 | CJ12: 15 | CK12: 15 | CL12: 15 | CM12: 15 | CN12: 15 | CO12: 15 | CP12: 5 | CQ12: 5 | CR12: 5 | CS12: 15 | CT12: 15 | CU12: 15 | CV12: 15 | CW12: 15 | CX12: 15 | CY12: 8
A13: 9 | B13: 15 | C13: 15 | D13: 15 | E13: 15 | F13: 15 | G13: 15 | H13: 15 | I13: 15 | J13: 15 | K13: 15 | L13: 15 | M13: 15 | N13: 15 | O13: 15 | P13: 15 | Q13: 15 | R13: 15 | S13: 15 | T13: 15 | U13: 15 | V13: 15 | W13: 15 | X13: 15 | Y13: 15 | Z13: 15 | AA13: 15 | AB13: 15 | AC13: 15 | AD13: 15 | AE13: 15 | AF13: 15 | AG13: 15 | AH13: 15 | AI13: 15 | AJ13: 15 | AK13: 15 | AL13: 15 | AM13: 15 | AN13: 15 | AO13: 15 | AP13: 15 | AQ13: 15 | AR13: 15 | AS13: 15 | AT13: 15 | AU13: 15 | AV13: 15 | AW13: 15 | AX13: 15 | AY13: 5 | AZ13: 5 | BA13: 15 | BB13: 15 | BC13: 15 | BD13: 15 | BE13: 15 | BF13: 15 | BG13: 15 | BH13: 15 | BI13: 15 | BJ13: 15 | BK13: 15 | BL13: 3 | BM13: 3 | BN13: 15 | BO13: 15 | BP13: 15 | BQ13: 15 | BR13: 15 | BS13: 15 | BT13: 15 | BU13: 15 | BV13: 15 | BW13: 15 | BX13: 15 | BY13: 15 | BZ13: 15 | CA13: 15 | CB13: 5 | CC13: 5 | CD13: 5 | CE13: 15 | CF13: 15 | CG13: 15 | CH13: 15 | CI13: 15 | CJ13: 15 | CK13: 15 | CL13: 15 | CM13: 15 | CN13: 15 | CO13: 15 | CP13: 3 | CQ13: 3 | CR13: 3 | CS13: 15 | CT13: 15 | CU13: 15 | CV13: 15 | CW13: 15 | CX13: 15 | CY13: 8
A14: 10 | B14: 15 | C14: 15 | D14: 15 | E14: 15 | F14: 15 | G14: 15 | H14: 15 | I14: 15 | J14: 15 | K14: 15 | L14: 15 | M14: 15 | N14: 15 | O14: 15 | P14: 15 | Q14: 15 | R14: 15 | S14: 15 | T14: 15 | U14: 15 | V14: 15 | W14: 15 | X14: 15 | Y14: 15 | Z14: 15 | AA14: 15 | AB14: 15 | AC14: 15 | AD14: 5 | AE14: 5 | AF14: 15 | AG14: 15 | AH14: 15 | AI14: 15 | AJ14: 15 | AK14: 15 | AL14: 15 | AM14: 15 | AN14: 15 | AO14: 15 | AP14: 15 | AQ14: 15 | AR14: 15 | AS14: 15 | AT14: 15 | AU14: 15 | AV14: 15 | AW14: 15 | AX14: 15 | AY14: 3 | AZ14: 3 | BA14: 15 | BB14: 15 | BC14: 15 | BD14: 15 | BE14: 15 | BF14: 15 | BG14: 15 | BH14: 15 | BI14: 15 | BJ14: 15 | BK14: 15 | BL14: 3 | BM14: 3 | BN14: 15 | BO14: 15 | BP14: 15 | BQ14: 15 | BR14: 15 | BS14: 15 | BT14: 15 | BU14: 15 | BV14: 15 | BW14: 15 | BX14: 15 | BY14: 15 | BZ14: 15 | CA14: 15 | CB14: 3 | CC14: 3 | CD14: 3 | CE14: 15 | CF14: 15 | CG14: 15 | CH14: 15 | CI14: 15 | CJ14: 15 | CK14: 15 | CL14: 15 | CM14: 15 | CN14: 15 | CO14: 15 | CP14: 3 | CQ14: 3 | CR14: 3 | CS14: 15 | CT14: 15 | CU14: 15 | CV14: 15 | CW14: 15 | CX14: 15 | CY14: 8
A15: 11 | B15: 15 | C15: 15 | D15: 15 | E15: 15 | F15: 15 | G15: 15 | H15: 15 | I15: 15 | J15: 15 | K15: 15 | L15: 15 | M15: 15 | N15: 15 | O15: 15 | P15: 15 | Q15: 15 | R15: 5 | S15: 5 | T15: 15 | U15: 15 | V15: 15 | W15: 15 | X15: 15 | Y15: 15 | Z15: 15 | AA15: 15 | AB15: 5 | AC15: 5 | AD15: 3 | AE15: 3 | AF15: 15 | AG15: 15 | AH15: 15 | AI15: 15 | AJ15: 15 | AK15: 15 | AL15: 15 | AM15: 15 | AN15: 15 | AO15: 15 | AP15: 15 | AQ15: 15 | AR15: 15 | AS15: 15 | AT15: 15 | AU15: 15 | AV15: 15 | AW15: 15 | AX15: 5 | AY15: 3 | AZ15: 3 | BA15: 15 | BB15: 15 | BC15: 15 | BD15: 15 | BE15: 15 | BF15: 15 | BG15: 15 | BH15: 15 | BI15: 15 | BJ15: 15 | BK15: 5 | BL15: 3 | BM15: 3 | BN15: 15 | BO15: 15 | BP15: 15 | BQ15: 15 | BR15: 15 | BS15: 15 | BT15: 15 | BU15: 15 | BV15: 15 | BW15: 15 | BX15: 15 | BY15: 15 | BZ15: 15 | CA15: 15 | CB15: 3 | CC15: 3 | CD15: 3 | CE15: 15 | CF15: 15 | CG15: 15 | CH15: 15 | CI15: 15 | CJ15: 15 | CK15: 15 | CL15: 15 | CM15: 15 | CN15: 15 | CO15: 15 | CP15: 3 | CQ15: 3 | CR15: 3 | CS15: 15 | CT15: 15 | CU15: 15 | CV15: 15 | CW15: 15 | CX15: 15 | CY15: 8
... A20: 16 | B20: 2 | C20: 2 | D20: 2 | E20: 2 | F20: 2 | G20: 2 | H20: 2 | I20: 2 | J20: 2 | K20: 2 | L20: 2 | M20: 2 | N20: 2 | O20: 2 | P20: 2 | Q20: 2 | R20: 2 | S20: 2 | T20: 2 | U20: 2 | V20: 2 | W20: 2 | X20: 2 | Y20: 2 | Z20: 2 | AA20: 2 | AB20: 2 | AC20: 2 | AD20: 2 | AE20: 2 | AF20: 2 | AG20: 2 | AH20: 2 | AI20: 2 | AJ20: 2 | AK20: 2 | AL20: 2 | AM20: 2 | AN20: 2 | AO20: 2 | AP20: 2 | AQ20: 2 | AR20: 2 | AS20: 2 | AT20: 2 | AU20: 2 | AV20: 2 | AW20: 2 | AX20: 2 | AY20: 2 | AZ20: 2 | BA20: 3 | BB20: 3 | BC20: 2 | BD20: 2 | BE20: 2 | BF20: 2 | BG20: 2 | BH20: 2 | BI20: 3 | BJ20: 3 | BK20: 2 | BL20: 2 | BM20: 2 | BN20: 2 | BO20: 2 | BP20: 2 | BQ20: 2 | BR20: 2 | BS20: 2 | BT20: 2 | BU20: 2 | BV20: 2 | BW20: 2 | BX20: 2 | BY20: 2 | BZ20: 2 | CA20: 2 | CB20: 2 | CC20: 2 | CD20: 2 | CE20: 2 | CF20: 2 | CG20: 2 | CH20: 2 | CI20: 2 | CJ20: 2 | CK20: 2 | CL20: 2 | CM20: 2 | CN20: 2 | CO20: 2 | CP20: 2 | CQ20: 2 | CR20: 2 | CS20: 2 | CT20: 2 | CU20: 2 | CV20: 2 | CW20: 2 | CX20: 2 | CY20: 2

Sheet output
A1: =data!B4 -> 4 | B1: =data!C4 -> 5 | C1: =data!D4 -> 5 | D1: =data!E4 -> 5 | E1: =data!F4 -> 5 | F1: =data!G4 -> 5 | G1: =data!H4 -> 5 | H1: =data!I4 -> 5 | ... CX1: =data!CY4 -> 6
A2: =data!B5 -> 15 | B2: =data!C5 -> 15 | C2: =data!D5 -> 15 | D2: =data!E5 -> 15 | E2: =data!F5 -> 15 | F2: =data!G5 -> 15 | G2: =data!H5 -> 15 | H2: =data!I5 -> 15 | ... CX2: =data!CY5 -> 8
A3: =data!B6 -> 15 | B3: =data!C6 -> 15 | C3: =data!D6 -> 15 | D3: =data!E6 -> 15 | E3: =data!F6 -> 15 | F3: =data!G6 -> 15 | G3: =data!H6 -> 15 | H3: =data!I6 -> 15 | ... CX3: =data!CY6 -> 8
A4: =data!B7 -> 15 | B4: =data!C7 -> 15 | C4: =data!D7 -> 15 | D4: =data!E7 -> 15 | E4: =data!F7 -> 15 | F4: =data!G7 -> 15 | G4: =data!H7 -> 15 | H4: =data!I7 -> 15 | ... CX4: =data!CY7 -> 8
A5: =data!B8 -> 15 | B5: =data!C8 -> 15 | C5: =data!D8 -> 15 | D5: =data!E8 -> 15 | E5: =data!F8 -> 15 | F5: =data!G8 -> 15 | G5: =data!H8 -> 15 | H5: =data!I8 -> 15 | ... CX5: =data!CY8 -> 8
A6: =data!B9 -> 15 | B6: =data!C9 -> 15 | C6: =data!D9 -> 15 | D6: =data!E9 -> 15 | E6: =data!F9 -> 15 | F6: =data!G9 -> 15 | G6: =data!H9 -> 15 | H6: =data!I9 -> 15 | ... CX6: =data!CY9 -> 8
A7: =data!B10 -> 15 | B7: =data!C10 -> 15 | C7: =data!D10 -> 15 | D7: =data!E10 -> 15 | E7: =data!F10 -> 15 | F7: =data!G10 -> 15 | G7: =data!H10 -> 15 | H7: =data!I10 -> 15 | ... CX7: =data!CY10 -> 8
A8: =data!B11 -> 15 | B8: =data!C11 -> 15 | C8: =data!D11 -> 15 | D8: =data!E11 -> 15 | E8: =data!F11 -> 15 | F8: =data!G11 -> 15 | G8: =data!H11 -> 15 | H8: =data!I11 -> 15 | ... CX8: =data!CY11 -> 8
A9: =data!B12 -> 15 | B9: =data!C12 -> 15 | C9: =data!D12 -> 15 | D9: =data!E12 -> 15 | E9: =data!F12 -> 15 | F9: =data!G12 -> 15 | G9: =data!H12 -> 15 | H9: =data!I12 -> 15 | ... CX9: =data!CY12 -> 8
A10: =data!B13 -> 15 | B10: =data!C13 -> 15 | C10: =data!D13 -> 15 | D10: =data!E13 -> 15 | E10: =data!F13 -> 15 | F10: =data!G13 -> 15 | G10: =data!H13 -> 15 | H10: =data!I13 -> 15 | ... CX10: =data!CY13 -> 8
A11: =data!B14 -> 15 | B11: =data!C14 -> 15 | C11: =data!D14 -> 15 | D11: =data!E14 -> 15 | E11: =data!F14 -> 15 | F11: =data!G14 -> 15 | G11: =data!H14 -> 15 | H11: =data!I14 -> 15 | ... CX11: =data!CY14 -> 8
A12: =data!B15 -> 15 | B12: =data!C15 -> 15 | C12: =data!D15 -> 15 | D12: =data!E15 -> 15 | E12: =data!F15 -> 15 | F12: =data!G15 -> 15 | G12: =data!H15 -> 15 | H12: =data!I15 -> 15 | ... CX12: =data!CY15 -> 8
... A17: =data!B20 -> 2 | B17: =data!C20 -> 2 | C17: =data!D20 -> 2 | D17: =data!E20 -> 2 | E17: =data!F20 -> 2 | F17: =data!G20 -> 2 | G17: =data!H20 -> 2 | H17: =data!I20 -> 2 | ... CX17: =data!CY20 -> 2
